{
  "CreationTime": 1687469406,
  "MaxLives": 0,
  "CorrectValues": [
    9,
    2,
    7,
    1,
    3,
    5,
    4,
    6,
    8,
    6,
    5,
    3,
    2,
    4,
    8,
    1,
    7,
    9,
    1,
    4,
    8,
    6,
    9,
    7,
    2,
    3,
    5,
    3,
    6,
    9,
    8,
    2,
    4,
    5,
    1,
    7,
    2,
    1,
    5,
    9,
    7,
    6,
    3,
    8,
    4,
    7,
    8,
    4,
    3,
    5,
    1,
    9,
    2,
    6,
    5,
    3,
    1,
    7,
    6,
    9,
    8,
    4,
    2,
    8,
    9,
    6,
    4,
    1,
    2,
    7,
    5,
    3,
    4,
    7,
    2,
    5,
    8,
    3,
    6,
    9,
    1
  ],
  "UID": "be2a459b-989b-4a88-bcc2-c678bbdbefa1",
  "Frames": [
    {
      "Name": "",
      "TimeStamp": 0.3362785,
      "BoardValues": [
        9,
        2,
        0,
        1,
        3,
        5,
        0,
        6,
        8,
        6,
        5,
        3,
        2,
        4,
        8,
        1,
        7,
        9,
        1,
        0,
        8,
        0,
        9,
        7,
        2,
        0,
        5,
        3,
        6,
        9,
        8,
        2,
        4,
        5,
        1,
        7,
        2,
        1,
        5,
        9,
        7,
        6,
        3,
        8,
        0,
        7,
        8,
        4,
        3,
        5,
        1,
        0,
        2,
        6,
        5,
        3,
        1,
        7,
        6,
        9,
        8,
        4,
        2,
        8,
        9,
        6,
        4,
        1,
        2,
        7,
        0,
        0,
        4,
        7,
        2,
        5,
        8,
        3,
        6,
        0,
        1
      ],
      "Lives": 5
    },
    {
      "Name": "",
      "TimeStamp": 64.5185722,
      "BoardValues": [
        9,
        2,
        0,
        1,
        3,
        5,
        0,
        6,
        8,
        6,
        5,
        3,
        2,
        4,
        8,
        1,
        7,
        9,
        1,
        0,
        8,
        0,
        9,
        7,
        2,
        0,
        5,
        3,
        6,
        9,
        8,
        2,
        4,
        5,
        1,
        7,
        2,
        1,
        5,
        9,
        7,
        6,
        3,
        8,
        0,
        7,
        8,
        4,
        3,
        5,
        1,
        0,
        2,
        6,
        5,
        3,
        1,
        7,
        6,
        9,
        8,
        4,
        2,
        8,
        9,
        6,
        4,
        1,
        2,
        7,
        0,
        0,
        4,
        7,
        2,
        5,
        8,
        3,
        6,
        9,
        1
      ],
      "Lives": 5
    },
    {
      "Name": "",
      "TimeStamp": 64.9553217,
      "BoardValues": [
        9,
        2,
        0,
        1,
        3,
        5,
        0,
        6,
        8,
        6,
        5,
        3,
        2,
        4,
        8,
        1,
        7,
        9,
        1,
        0,
        8,
        0,
        9,
        7,
        2,
        0,
        5,
        3,
        6,
        9,
        8,
        2,
        4,
        5,
        1,
        7,
        2,
        1,
        5,
        9,
        7,
        6,
        3,
        8,
        0,
        7,
        8,
        4,
        3,
        5,
        1,
        9,
        2,
        6,
        5,
        3,
        1,
        7,
        6,
        9,
        8,
        4,
        2,
        8,
        9,
        6,
        4,
        1,
        2,
        7,
        0,
        0,
        4,
        7,
        2,
        5,
        8,
        3,
        6,
        9,
        1
      ],
      "Lives": 5
    },
    {
      "Name": "",
      "TimeStamp": 74.8841636,
      "BoardValues": [
        9,
        2,
        7,
        1,
        3,
        5,
        0,
        6,
        8,
        6,
        5,
        3,
        2,
        4,
        8,
        1,
        7,
        9,
        1,
        0,
        8,
        0,
        9,
        7,
        2,
        0,
        5,
        3,
        6,
        9,
        8,
        2,
        4,
        5,
        1,
        7,
        2,
        1,
        5,
        9,
        7,
        6,
        3,
        8,
        0,
        7,
        8,
        4,
        3,
        5,
        1,
        9,
        2,
        6,
        5,
        3,
        1,
        7,
        6,
        9,
        8,
        4,
        2,
        8,
        9,
        6,
        4,
        1,
        2,
        7,
        0,
        0,
        4,
        7,
        2,
        5,
        8,
        3,
        6,
        9,
        1
      ],
      "Lives": 5
    },
    {
      "Name": "",
      "TimeStamp": 80.470678,
      "BoardValues": [
        9,
        2,
        7,
        1,
        3,
        5,
        0,
        6,
        8,
        6,
        5,
        3,
        2,
        4,
        8,
        1,
        7,
        9,
        1,
        0,
        8,
        6,
        9,
        7,
        2,
        0,
        5,
        3,
        6,
        9,
        8,
        2,
        4,
        5,
        1,
        7,
        2,
        1,
        5,
        9,
        7,
        6,
        3,
        8,
        0,
        7,
        8,
        4,
        3,
        5,
        1,
        9,
        2,
        6,
        5,
        3,
        1,
        7,
        6,
        9,
        8,
        4,
        2,
        8,
        9,
        6,
        4,
        1,
        2,
        7,
        0,
        0,
        4,
        7,
        2,
        5,
        8,
        3,
        6,
        9,
        1
      ],
      "Lives": 5
    },
    {
      "Name": "",
      "TimeStamp": 85.5424944,
      "BoardValues": [
        9,
        2,
        7,
        1,
        3,
        5,
        0,
        6,
        8,
        6,
        5,
        3,
        2,
        4,
        8,
        1,
        7,
        9,
        1,
        0,
        8,
        6,
        9,
        7,
        2,
        0,
        5,
        3,
        6,
        9,
        8,
        2,
        4,
        5,
        1,
        7,
        2,
        1,
        5,
        9,
        7,
        6,
        3,
        8,
        0,
        7,
        8,
        4,
        3,
        5,
        1,
        9,
        2,
        6,
        5,
        3,
        1,
        7,
        6,
        9,
        8,
        4,
        2,
        8,
        9,
        6,
        4,
        1,
        2,
        7,
        0,
        5,
        4,
        7,
        2,
        5,
        8,
        3,
        6,
        9,
        1
      ],
      "Lives": 5
    },
    {
      "Name": "",
      "TimeStamp": 90.5031337,